{
  "project_info": {
    "project_number": "103263424374",
    "project_id": "gallerygenie-825a0",
    "storage_bucket": "gallerygenie-825a0.firebasestorage.app"
  },
  "client": [
    {
      "client_info": {
        "mobilesdk_app_id": "1:103263424374:android:bce29d5abcd2d292553457",
        "android_client_info": {
          "package_name": "com.example.cts"
        }
      },
      "oauth_client": [],
      "api_key": [
        {
          "current_key": "AIzaSyBra1WWIDhYqxnzrcpxtleZH95dsAYAZ1E"
        }
      ],
      "services": {
        "appinvite_service": {
          "other_platform_oauth_client": []
        }
      }
    }
  ],
  "configuration_version": "1"
}